-- phpMyAdmin SQL Dump
-- version 4.7.4
-- https://www.phpmyadmin.net/
--
-- Host: 127.0.0.1
-- Generation Time: Apr 09, 2019 at 11:14 AM
-- Server version: 10.1.29-MariaDB
-- PHP Version: 7.2.0

SET SQL_MODE = "NO_AUTO_VALUE_ON_ZERO";
SET AUTOCOMMIT = 0;
START TRANSACTION;
SET time_zone = "+00:00";


/*!40101 SET @OLD_CHARACTER_SET_CLIENT=@@CHARACTER_SET_CLIENT */;
/*!40101 SET @OLD_CHARACTER_SET_RESULTS=@@CHARACTER_SET_RESULTS */;
/*!40101 SET @OLD_COLLATION_CONNECTION=@@COLLATION_CONNECTION */;
/*!40101 SET NAMES utf8mb4 */;

--
-- Database: `1509`
--

-- --------------------------------------------------------

--
-- Table structure for table `attendance_info`
--

CREATE TABLE `attendance_info` (
  `id` int(10) NOT NULL,
  `user_id` varchar(100) NOT NULL,
  `date` varchar(100) NOT NULL,
  `lecture` varchar(100) NOT NULL,
  `a_flag` int(10) NOT NULL,
  `week` varchar(100) NOT NULL
) ENGINE=InnoDB DEFAULT CHARSET=latin1;

--
-- Dumping data for table `attendance_info`
--

INSERT INTO `attendance_info` (`id`, `user_id`, `date`, `lecture`, `a_flag`, `week`) VALUES
(1, '1', '06-12-2018 17:21:00', 'DBMS', 2, '49'),
(2, '1', '06-12-2018 17:21:06', 'DBMS', 0, '49'),
(3, '1', '06-12-2018 17:37:33', 'DBMS', 0, '49'),
(4, '2', '06-12-2018 17:21:00', 'DBMS', 2, '49'),
(34, '1', '01-01-2019 11:00:21', 'DBMS', 2, '1'),
(35, '1', '02-01-2019 11:00:21', 'DBMS', 2, '1'),
(36, '1', '03-01-2019 11:00:21', 'DBMS', 2, '1'),
(37, '1', '04-01-2019 11:00:21', 'DBMS', 2, '1'),
(38, '1', '07-01-2019 11:00:21', 'DBMS', 2, '2'),
(39, '1', '08-01-2019 11:00:21', 'DBMS', 2, '2'),
(40, '1', '09-01-2019 11:00:21', 'DBMS', 2, '2'),
(41, '1', '10-01-2019 11:00:21', 'DBMS', 2, '2'),
(42, '1', '11-01-2019 11:00:21', 'DBMS', 2, '2'),
(43, '1', '14-01-2019 11:00:21', 'DBMS', 2, '3'),
(44, '1', '15-01-2019 11:00:21', 'DBMS', 2, '3'),
(45, '1', '16-01-2019 11:00:21', 'DBMS', 2, '3'),
(46, '1', '17-01-2019 11:00:21', 'DBMS', 2, '3'),
(47, '1', '18-01-2019 11:00:21', 'DBMS', 2, '3'),
(48, '1', '21-01-2019 11:00:21', 'DBMS', 2, '4'),
(49, '1', '22-01-2019 11:00:21', 'DBMS', 2, '4'),
(50, '1', '23-01-2019 11:00:21', 'DBMS', 2, '4'),
(51, '1', '24-01-2019 11:00:21', 'DBMS', 2, '4'),
(52, '1', '25-01-2019 11:00:21', 'DBMS', 2, '4'),
(53, '1', '28-01-2019 11:00:21', 'DBMS', 2, '5'),
(54, '1', '29-01-2019 11:00:21', 'DBMS', 2, '5'),
(55, '1', '30-01-2019 11:00:21', 'DBMS', 2, '5'),
(56, '1', '31-01-2019 11:00:21', 'DBMS', 2, '5'),
(57, '1', '01-01-2019 11:00:21', 'AI', 2, '1'),
(58, '1', '02-01-2019 11:00:21', 'AI', 2, '1'),
(59, '1', '03-01-2019 11:00:21', 'AI', 2, '1'),
(60, '1', '04-01-2019 11:00:21', 'AI', 2, '1'),
(61, '1', '07-01-2019 11:00:21', 'AI', 2, '2'),
(62, '1', '08-01-2019 11:00:21', 'AI', 2, '2'),
(63, '1', '09-01-2019 11:00:21', 'AI', 2, '2'),
(64, '1', '11-02-2019 11:00:21', 'AI', 2, '7'),
(65, '1', '12-02-2019 11:00:21', 'AI', 2, '7'),
(66, '1', '13-02-2019 11:00:21', 'AI', 2, '7'),
(67, '1', '14-02-2019 11:00:21', 'AI', 2, '7'),
(68, '1', '15-02-2019 11:00:21', 'AI', 2, '7'),
(69, '1', '18-02-2019 11:00:21', 'AI', 2, '8'),
(70, '1', '19-02-2019 11:00:21', 'AI', 2, '8'),
(71, '1', '20-02-2019 11:00:21', 'AI', 2, '8'),
(72, '1', '21-02-2019 11:00:21', 'AI', 2, '8'),
(73, '1', '22-02-2019 11:00:21', 'AI', 2, '8'),
(74, '1', '25-02-2019 11:00:21', 'AI', 2, '9'),
(75, '1', '26-02-2019 11:00:21', 'AI', 2, '9'),
(76, '1', '27-02-2019 11:00:21', 'AI', 2, '9'),
(77, '1', '28-02-2019 11:00:21', 'AI', 2, '9'),
(78, '1', '29-02-2019 11:00:21', 'AI', 2, '9'),
(79, '1', '01-01-2019 14:00:05', 'MPMC', 2, '1'),
(80, '1', '02-01-2019 14:00:05', 'MPMC', 2, '1'),
(81, '1', '03-01-2019 14:00:05', 'MPMC', 2, '1'),
(82, '1', '04-01-2019 14:00:05', 'MPMC', 2, '1'),
(83, '1', '07-01-2019 14:00:05', 'MPMC', 2, '2'),
(84, '1', '08-01-2019 14:00:05', 'MPMC', 2, '2'),
(85, '1', '09-01-2019 14:00:05', 'MPMC', 2, '2'),
(86, '1', '11-03-2019 14:00:05', 'MPMC', 2, '11'),
(87, '1', '12-03-2019 14:00:05', 'MPMC', 2, '11'),
(88, '1', '13-03-2019 14:00:05', 'MPMC', 2, '11'),
(89, '1', '14-03-2019 14:00:05', 'MPMC', 2, '11'),
(90, '1', '15-03-2019 14:00:05', 'MPMC', 2, '11'),
(91, '1', '18-03-2019 14:00:05', 'MPMC', 2, '12'),
(92, '1', '19-03-2019 14:00:05', 'MPMC', 2, '12'),
(93, '1', '20-03-2019 14:00:05', 'MPMC', 2, '12'),
(94, '1', '21-03-2019 14:00:05', 'MPMC', 2, '12'),
(95, '1', '22-03-2019 14:00:05', 'MPMC', 2, '12'),
(96, '1', '25-03-2019 14:00:05', 'MPMC', 2, '13'),
(97, '1', '26-03-2019 14:00:05', 'MPMC', 2, '13'),
(98, '1', '27-03-2019 14:00:05', 'MPMC', 2, '13'),
(99, '1', '28-03-2019 14:00:05', 'MPMC', 2, '13'),
(100, '1', '29-03-2019 14:00:05', 'MPMC', 2, '13'),
(101, '1', '01-01-2019 15:00:02', 'IT', 2, '1'),
(102, '1', '02-01-2019 15:00:02', 'IT', 2, '1'),
(103, '1', '03-01-2019 15:00:02', 'IT', 2, '1'),
(104, '1', '04-01-2019 15:00:02', 'IT', 2, '1'),
(105, '1', '07-01-2019 15:00:02', 'IT', 2, '2'),
(106, '1', '08-01-2019 15:00:02', 'IT', 2, '2'),
(107, '1', '09-01-2019 15:00:02', 'IT', 2, '2'),
(108, '1', '11-02-2019 15:00:02', 'IT', 2, '7'),
(109, '1', '12-02-2019 15:00:02', 'IT', 2, '7'),
(110, '1', '13-02-2019 15:00:02', 'IT', 2, '7'),
(111, '1', '14-02-2019 15:00:02', 'IT', 2, '7'),
(112, '1', '15-02-2019 15:00:02', 'IT', 2, '7'),
(113, '1', '18-02-2019 15:00:02', 'IT', 2, '8'),
(114, '1', '19-02-2019 15:00:02', 'IT', 2, '8'),
(115, '1', '20-02-2019 15:00:02', 'IT', 2, '8'),
(116, '1', '21-02-2019 15:00:02', 'IT', 2, '8'),
(117, '1', '22-02-2019 15:00:02', 'IT', 2, '8'),
(118, '1', '25-02-2019 15:00:02', 'IT', 2, '9'),
(119, '1', '26-02-2019 15:00:02', 'IT', 2, '9'),
(120, '1', '27-02-2019 15:00:02', 'IT', 2, '9'),
(121, '1', '28-02-2019 15:00:02', 'IT', 2, '9'),
(122, '1', '29-02-2019 15:00:02', 'IT', 2, '9'),
(123, '1', '01-02-2019 11:00:01', 'DBMS', 2, '5'),
(124, '1', '04-02-2019 11:00:01', 'DBMS', 2, '6'),
(125, '1', '05-02-2019 11:00:01', 'DBMS', 2, '6'),
(126, '1', '06-02-2019 11:00:01', 'DBMS', 2, '6'),
(127, '1', '07-02-2019 11:00:01', 'DBMS', 2, '6'),
(128, '1', '08-02-2019 11:00:01', 'DBMS', 2, '6'),
(129, '1', '11-02-2019 11:00:01', 'DBMS', 2, '7'),
(130, '1', '12-02-2019 11:00:01', 'DBMS', 2, '7'),
(131, '1', '13-02-2019 11:00:01', 'DBMS', 2, '7'),
(132, '1', '14-02-2019 11:00:01', 'DBMS', 2, '7'),
(133, '1', '15-02-2019 11:00:01', 'DBMS', 2, '7'),
(134, '1', '18-02-2019 11:00:01', 'DBMS', 2, '8'),
(135, '1', '19-02-2019 11:00:01', 'DBMS', 2, '8'),
(136, '1', '20-02-2019 11:00:01', 'DBMS', 2, '8'),
(137, '1', '21-02-2019 11:00:01', 'DBMS', 2, '8'),
(138, '1', '22-02-2019 11:00:01', 'DBMS', 2, '8'),
(139, '1', '25-02-2019 11:00:01', 'DBMS', 2, '9'),
(140, '1', '26-02-2019 11:00:01', 'DBMS', 2, '9'),
(141, '1', '27-02-2019 11:00:01', 'DBMS', 2, '9'),
(142, '1', '28-02-2019 11:00:01', 'DBMS', 2, '9'),
(143, '1', '29-02-2019 11:00:01', 'DBMS', 2, '9'),
(144, '1', '01-02-2019 15:00:01', 'GIS', 2, '5'),
(145, '1', '04-02-2019 15:00:01', 'GIS', 2, '6'),
(146, '1', '05-02-2019 15:00:01', 'GIS', 2, '6'),
(147, '1', '06-02-2019 15:00:01', 'GIS', 2, '6'),
(148, '1', '07-02-2019 15:00:01', 'GIS', 2, '6'),
(149, '1', '08-02-2019 15:00:01', 'GIS', 2, '6'),
(150, '1', '11-02-2019 15:00:01', 'GIS', 2, '7'),
(151, '1', '12-02-2019 15:00:01', 'GIS', 2, '7'),
(152, '1', '13-02-2019 15:00:01', 'GIS', 2, '7'),
(153, '1', '14-02-2019 15:00:01', 'GIS', 2, '7'),
(154, '1', '15-02-2019 15:00:01', 'GIS', 2, '7'),
(155, '1', '18-02-2019 15:00:01', 'GIS', 2, '8'),
(156, '1', '19-02-2019 15:00:01', 'GIS', 2, '8'),
(157, '1', '20-02-2019 15:00:01', 'GIS', 2, '8'),
(158, '1', '21-02-2019 15:00:01', 'GIS', 2, '8'),
(159, '1', '22-02-2019 15:00:01', 'GIS', 2, '8'),
(160, '1', '25-02-2019 15:00:01', 'GIS', 2, '9'),
(161, '1', '26-02-2019 15:00:01', 'GIS', 2, '9'),
(162, '1', '27-02-2019 15:00:01', 'GIS', 2, '9'),
(163, '1', '28-02-2019 15:00:01', 'GIS', 2, '9'),
(164, '1', '29-02-2019 15:00:01', 'GIS', 2, '9'),
(165, '1', '01-02-2019 14:00:01', 'IT', 2, '5'),
(166, '1', '04-02-2019 14:00:01', 'IT', 2, '6'),
(167, '1', '05-02-2019 14:00:01', 'IT', 2, '6'),
(168, '1', '06-02-2019 14:00:01', 'IT', 2, '6'),
(169, '1', '07-02-2019 14:00:01', 'IT', 2, '6'),
(170, '1', '08-02-2019 14:00:01', 'IT', 2, '6'),
(171, '1', '11-02-2019 14:00:01', 'IT', 2, '7'),
(172, '1', '12-02-2019 14:00:01', 'IT', 2, '7'),
(173, '1', '13-02-2019 14:00:01', 'IT', 2, '7'),
(174, '1', '14-02-2019 14:00:01', 'IT', 2, '7'),
(175, '1', '15-02-2019 14:00:01', 'IT', 2, '7'),
(176, '1', '18-02-2019 14:00:01', 'IT', 2, '8'),
(177, '1', '19-02-2019 14:00:01', 'IT', 2, '8'),
(178, '1', '20-02-2019 14:00:01', 'IT', 2, '8'),
(179, '1', '21-02-2019 14:00:01', 'IT', 2, '8'),
(180, '1', '22-02-2019 14:00:01', 'IT', 2, '8'),
(181, '1', '25-02-2019 14:00:01', 'IT', 2, '9'),
(182, '1', '26-02-2019 14:00:01', 'IT', 2, '9'),
(183, '1', '27-02-2019 14:00:01', 'IT', 2, '9'),
(184, '1', '28-02-2019 14:00:01', 'IT', 2, '9'),
(185, '1', '29-02-2019 14:00:01', 'IT', 2, '9'),
(186, '1', '01-02-2019 12:00:01', 'DS', 2, '5'),
(187, '1', '04-02-2019 12:00:01', 'DS', 2, '6'),
(188, '1', '05-02-2019 12:00:01', 'DS', 2, '6'),
(189, '1', '06-02-2019 12:00:01', 'DS', 2, '6'),
(190, '1', '07-02-2019 12:00:01', 'DS', 2, '6'),
(191, '1', '08-02-2019 12:00:01', 'DS', 2, '6'),
(192, '1', '11-02-2019 12:00:01', 'DS', 2, '7'),
(193, '1', '12-02-2019 12:00:01', 'DS', 2, '7'),
(194, '1', '13-02-2019 12:00:01', 'DS', 2, '7'),
(195, '1', '14-02-2019 12:00:01', 'DS', 2, '7'),
(196, '1', '15-02-2019 12:00:01', 'DS', 2, '7'),
(197, '1', '18-02-2019 12:00:01', 'DS', 2, '8'),
(198, '1', '19-02-2019 12:00:01', 'DS', 2, '8'),
(199, '1', '20-02-2019 12:00:01', 'DS', 2, '8'),
(200, '1', '21-02-2019 12:00:01', 'DS', 2, '8'),
(201, '1', '22-02-2019 12:00:01', 'DS', 2, '8'),
(202, '1', '25-02-2019 12:00:01', 'DS', 2, '9'),
(203, '1', '26-02-2019 12:00:01', 'DS', 2, '9'),
(204, '1', '27-02-2019 12:00:01', 'DS', 2, '9'),
(205, '1', '28-02-2019 12:00:01', 'DS', 2, '9'),
(206, '1', '29-02-2019 12:00:01', 'DS', 2, '9'),
(207, '2', '01-02-2019 12:00:01', 'AI', 2, '5'),
(208, '2', '04-02-2019 12:00:01', 'AI', 2, '6'),
(209, '2', '05-02-2019 12:00:01', 'AI', 2, '6'),
(210, '2', '06-02-2019 12:00:01', 'AI', 2, '6'),
(211, '2', '07-02-2019 12:00:01', 'AI', 2, '6'),
(212, '2', '08-02-2019 12:00:01', 'AI', 2, '6'),
(213, '2', '11-02-2019 12:00:01', 'AI', 2, '7'),
(214, '2', '12-02-2019 12:00:01', 'AI', 2, '7'),
(215, '2', '13-02-2019 12:00:01', 'AI', 2, '7'),
(216, '2', '14-02-2019 12:00:01', 'AI', 2, '7'),
(217, '2', '15-02-2019 12:00:01', 'AI', 2, '7'),
(218, '2', '18-02-2019 12:00:01', 'AI', 2, '8'),
(219, '2', '19-02-2019 12:00:01', 'AI', 2, '8'),
(220, '2', '20-02-2019 12:00:01', 'AI', 2, '8'),
(221, '2', '21-02-2019 12:00:01', 'AI', 2, '8'),
(222, '2', '22-02-2019 12:00:01', 'AI', 2, '8'),
(223, '2', '25-02-2019 12:00:01', 'AI', 2, '9'),
(224, '2', '26-02-2019 12:00:01', 'AI', 2, '9'),
(225, '2', '27-02-2019 12:00:01', 'AI', 2, '9'),
(226, '2', '28-02-2019 12:00:01', 'AI', 2, '9'),
(227, '2', '29-02-2019 12:00:01', 'AI', 2, '9'),
(228, '2', '01-02-2019 11:00:00', 'IT', 2, '5'),
(229, '2', '04-02-2019 11:00:00', 'IT', 2, '6'),
(230, '2', '05-02-2019 11:00:00', 'IT', 2, '6'),
(231, '2', '06-02-2019 11:00:00', 'IT', 2, '6'),
(232, '2', '07-02-2019 11:00:00', 'IT', 2, '6'),
(233, '2', '08-02-2019 11:00:00', 'IT', 2, '6'),
(234, '2', '11-02-2019 11:00:00', 'IT', 2, '7'),
(235, '2', '12-02-2019 11:00:00', 'IT', 2, '7'),
(236, '2', '13-02-2019 11:00:00', 'IT', 2, '7'),
(237, '2', '14-02-2019 11:00:00', 'IT', 2, '7'),
(238, '2', '15-02-2019 11:00:00', 'IT', 2, '7'),
(239, '2', '18-02-2019 11:00:00', 'IT', 2, '8'),
(240, '2', '19-02-2019 11:00:00', 'IT', 2, '8'),
(241, '2', '20-02-2019 11:00:00', 'IT', 2, '8'),
(242, '2', '21-02-2019 11:00:00', 'IT', 2, '8'),
(243, '2', '22-02-2019 11:00:00', 'IT', 2, '8'),
(244, '2', '25-02-2019 11:00:00', 'IT', 2, '9'),
(245, '2', '26-02-2019 11:00:00', 'IT', 2, '9'),
(246, '2', '27-02-2019 11:00:00', 'IT', 2, '9'),
(247, '2', '28-02-2019 11:00:00', 'IT', 2, '9'),
(248, '2', '29-02-2019 11:00:00', 'IT', 2, '9'),
(249, '2', '01-02-2019 10:00:00', 'IT', 2, '5'),
(250, '2', '04-02-2019 10:00:00', 'IT', 2, '6'),
(251, '2', '05-02-2019 10:00:00', 'IT', 2, '6'),
(252, '2', '06-02-2019 10:00:00', 'IT', 2, '6'),
(253, '2', '07-02-2019 10:00:00', 'IT', 2, '6'),
(254, '2', '08-02-2019 10:00:00', 'IT', 2, '6'),
(255, '2', '11-02-2019 10:00:00', 'IT', 2, '7'),
(256, '2', '12-02-2019 10:00:00', 'IT', 2, '7'),
(257, '2', '13-02-2019 10:00:00', 'IT', 2, '7'),
(258, '2', '14-02-2019 10:00:00', 'IT', 2, '7'),
(259, '2', '15-02-2019 10:00:00', 'IT', 2, '7'),
(260, '2', '18-02-2019 10:00:00', 'IT', 2, '8'),
(261, '2', '19-02-2019 10:00:00', 'IT', 2, '8'),
(262, '2', '20-02-2019 10:00:00', 'IT', 2, '8'),
(263, '2', '21-02-2019 10:00:00', 'IT', 2, '8'),
(264, '2', '22-02-2019 10:00:00', 'IT', 2, '8'),
(265, '2', '25-02-2019 10:00:00', 'IT', 2, '9'),
(266, '2', '26-02-2019 10:00:00', 'IT', 2, '9'),
(267, '2', '27-02-2019 10:00:00', 'IT', 2, '9'),
(268, '2', '28-02-2019 10:00:00', 'IT', 2, '9'),
(269, '2', '29-02-2019 10:00:00', 'IT', 2, '9'),
(270, '2', '01-02-2019 12:00:00', 'GIS', 2, '5'),
(271, '2', '04-02-2019 12:00:00', 'GIS', 2, '6'),
(272, '2', '05-02-2019 12:00:00', 'GIS', 2, '6'),
(273, '2', '06-02-2019 12:00:00', 'GIS', 2, '6'),
(274, '2', '07-02-2019 12:00:00', 'GIS', 2, '6'),
(275, '2', '08-02-2019 12:00:00', 'GIS', 2, '6'),
(276, '2', '11-02-2019 12:00:00', 'GIS', 2, '7'),
(277, '2', '12-02-2019 12:00:00', 'GIS', 2, '7'),
(278, '2', '13-02-2019 12:00:00', 'GIS', 2, '7'),
(279, '2', '14-02-2019 12:00:00', 'GIS', 2, '7'),
(280, '2', '15-02-2019 12:00:00', 'GIS', 2, '7'),
(281, '2', '18-02-2019 12:00:00', 'GIS', 2, '8'),
(282, '2', '19-02-2019 12:00:00', 'GIS', 2, '8'),
(283, '2', '20-02-2019 12:00:00', 'GIS', 2, '8'),
(284, '2', '21-02-2019 12:00:00', 'GIS', 2, '8'),
(285, '2', '22-02-2019 12:00:00', 'GIS', 2, '8'),
(286, '2', '25-02-2019 12:00:00', 'GIS', 2, '9'),
(287, '2', '26-02-2019 12:00:00', 'GIS', 2, '9'),
(288, '2', '27-02-2019 12:00:00', 'GIS', 2, '9'),
(289, '2', '28-02-2019 12:00:00', 'GIS', 2, '9'),
(290, '2', '29-02-2019 12:00:00', 'GIS', 2, '9'),
(291, '2', '01-02-2019 14:00:00', 'DS', 2, '5'),
(292, '2', '04-02-2019 14:00:00', 'DS', 2, '6'),
(293, '2', '05-02-2019 14:00:00', 'DS', 2, '6'),
(294, '2', '06-02-2019 14:00:00', 'DS', 2, '6'),
(295, '2', '07-02-2019 14:00:00', 'DS', 2, '6'),
(296, '2', '08-02-2019 14:00:00', 'DS', 2, '6'),
(297, '2', '11-02-2019 14:00:00', 'DS', 2, '7'),
(298, '2', '12-02-2019 14:00:00', 'DS', 2, '7'),
(299, '2', '13-02-2019 14:00:00', 'DS', 2, '7'),
(300, '2', '14-02-2019 14:00:00', 'DS', 2, '7'),
(301, '2', '15-02-2019 14:00:00', 'DS', 2, '7'),
(302, '2', '18-02-2019 14:00:00', 'DS', 2, '8'),
(303, '2', '19-02-2019 14:00:00', 'DS', 2, '8'),
(304, '2', '20-02-2019 14:00:00', 'DS', 2, '8'),
(305, '2', '21-02-2019 14:00:00', 'DS', 2, '8'),
(306, '2', '22-02-2019 14:00:00', 'DS', 2, '8'),
(307, '2', '25-02-2019 14:00:00', 'DS', 2, '9'),
(308, '2', '26-02-2019 14:00:00', 'DS', 2, '9'),
(309, '2', '27-02-2019 14:00:00', 'DS', 2, '9'),
(310, '2', '28-02-2019 14:00:00', 'DS', 2, '9'),
(311, '2', '29-02-2019 14:00:00', 'DS', 2, '9'),
(312, '2', '01-02-2019 15:00:00', 'MPMC', 2, '5'),
(313, '2', '04-02-2019 15:00:00', 'MPMC', 2, '6'),
(314, '2', '05-02-2019 15:00:00', 'MPMC', 2, '6'),
(315, '2', '06-02-2019 15:00:00', 'MPMC', 2, '6'),
(316, '2', '07-02-2019 15:00:00', 'MPMC', 2, '6'),
(317, '2', '08-02-2019 15:00:00', 'MPMC', 2, '6'),
(318, '2', '11-02-2019 15:00:00', 'MPMC', 2, '7'),
(319, '2', '12-02-2019 15:00:00', 'MPMC', 2, '7'),
(320, '2', '13-02-2019 15:00:00', 'MPMC', 2, '7'),
(321, '2', '14-02-2019 15:00:00', 'MPMC', 2, '7'),
(322, '2', '15-02-2019 15:00:00', 'MPMC', 2, '7'),
(323, '2', '18-02-2019 15:00:00', 'MPMC', 2, '8'),
(324, '2', '19-02-2019 15:00:00', 'MPMC', 2, '8'),
(325, '2', '20-02-2019 15:00:00', 'MPMC', 2, '8'),
(326, '2', '21-02-2019 15:00:00', 'MPMC', 2, '8'),
(327, '2', '22-02-2019 15:00:00', 'MPMC', 2, '8'),
(328, '2', '25-02-2019 15:00:00', 'MPMC', 2, '9'),
(329, '2', '26-02-2019 15:00:00', 'MPMC', 2, '9'),
(330, '2', '27-02-2019 15:00:00', 'MPMC', 2, '9'),
(331, '2', '28-02-2019 15:00:00', 'MPMC', 2, '9'),
(332, '2', '29-02-2019 15:00:00', 'MPMC', 2, '9'),
(333, '2', '01-02-2019 16:00:00', 'MPMC', 2, '5'),
(334, '2', '04-02-2019 16:00:00', 'MPMC', 2, '6'),
(335, '2', '05-02-2019 16:00:00', 'MPMC', 2, '6'),
(336, '2', '06-02-2019 16:00:00', 'MPMC', 2, '6'),
(337, '2', '07-02-2019 16:00:00', 'MPMC', 2, '6'),
(338, '2', '08-02-2019 16:00:00', 'MPMC', 2, '6'),
(339, '2', '11-02-2019 16:00:00', 'MPMC', 2, '7'),
(340, '2', '12-02-2019 16:00:00', 'MPMC', 2, '7'),
(341, '2', '13-02-2019 16:00:00', 'MPMC', 2, '7'),
(342, '2', '14-02-2019 16:00:00', 'MPMC', 2, '7'),
(343, '2', '15-02-2019 16:00:00', 'MPMC', 2, '7'),
(344, '2', '18-02-2019 16:00:00', 'MPMC', 2, '8'),
(345, '2', '19-02-2019 16:00:00', 'MPMC', 2, '8'),
(346, '2', '20-02-2019 16:00:00', 'MPMC', 2, '8'),
(347, '2', '21-02-2019 16:00:00', 'MPMC', 2, '8'),
(348, '2', '22-02-2019 16:00:00', 'MPMC', 2, '8'),
(349, '2', '25-02-2019 16:00:00', 'MPMC', 2, '9'),
(350, '2', '26-02-2019 16:00:00', 'MPMC', 2, '9'),
(351, '2', '27-02-2019 16:00:00', 'MPMC', 2, '9'),
(352, '2', '28-02-2019 16:00:00', 'MPMC', 2, '9'),
(353, '2', '29-02-2019 16:00:00', 'MPMC', 2, '9'),
(354, '2', '01-02-2019 17:00:00', 'MPMC', 2, '5'),
(355, '2', '04-02-2019 17:00:00', 'MPMC', 2, '6'),
(356, '2', '05-02-2019 17:00:00', 'MPMC', 2, '6'),
(357, '2', '06-02-2019 17:00:00', 'MPMC', 2, '6'),
(358, '2', '07-02-2019 17:00:00', 'MPMC', 2, '6'),
(359, '2', '08-02-2019 17:00:00', 'MPMC', 2, '6'),
(360, '2', '11-02-2019 17:00:00', 'MPMC', 2, '7'),
(361, '2', '12-02-2019 17:00:00', 'MPMC', 2, '7'),
(362, '2', '13-02-2019 17:00:00', 'MPMC', 2, '7'),
(363, '2', '14-02-2019 17:00:00', 'MPMC', 2, '7'),
(364, '2', '15-02-2019 17:00:00', 'MPMC', 2, '7'),
(365, '2', '18-02-2019 17:00:00', 'MPMC', 2, '8'),
(366, '2', '19-02-2019 17:00:00', 'MPMC', 2, '8'),
(367, '2', '20-02-2019 17:00:00', 'MPMC', 2, '8'),
(368, '2', '21-02-2019 17:00:00', 'MPMC', 2, '8'),
(369, '2', '22-02-2019 17:00:00', 'MPMC', 2, '8'),
(370, '2', '25-02-2019 17:00:00', 'MPMC', 2, '9'),
(371, '2', '26-02-2019 17:00:00', 'MPMC', 2, '9'),
(372, '2', '27-02-2019 17:00:00', 'MPMC', 2, '9'),
(373, '2', '28-02-2019 17:00:00', 'MPMC', 2, '9'),
(374, '2', '29-02-2019 17:00:00', 'MPMC', 2, '9'),
(375, '3', '01-01-2019 09:00:00', 'DBMS', 2, '1'),
(376, '3', '02-01-2019 09:00:00', 'DBMS', 2, '1'),
(377, '3', '03-01-2019 09:00:00', 'DBMS', 2, '1'),
(378, '3', '04-01-2019 09:00:00', 'DBMS', 2, '1'),
(379, '3', '07-01-2019 09:00:00', 'DBMS', 2, '2'),
(380, '3', '08-01-2019 09:00:00', 'DBMS', 2, '2'),
(381, '3', '09-01-2019 09:00:00', 'DBMS', 2, '2'),
(382, '3', '10-01-2019 09:00:00', 'DBMS', 2, '2'),
(383, '3', '11-01-2019 09:00:00', 'DBMS', 2, '2'),
(384, '3', '14-01-2019 09:00:00', 'DBMS', 2, '3'),
(385, '3', '15-01-2019 09:00:00', 'DBMS', 2, '3'),
(386, '3', '16-01-2019 09:00:00', 'DBMS', 2, '3'),
(387, '3', '17-01-2019 09:00:00', 'DBMS', 2, '3'),
(388, '3', '18-01-2019 09:00:00', 'DBMS', 2, '3'),
(389, '3', '21-01-2019 09:00:00', 'DBMS', 2, '4'),
(390, '3', '22-01-2019 09:00:00', 'DBMS', 2, '4'),
(391, '3', '23-01-2019 09:00:00', 'DBMS', 2, '4'),
(392, '3', '24-01-2019 09:00:00', 'DBMS', 2, '4'),
(393, '3', '25-01-2019 09:00:00', 'DBMS', 2, '4'),
(394, '3', '28-01-2019 09:00:00', 'DBMS', 2, '5'),
(395, '3', '29-01-2019 09:00:00', 'DBMS', 2, '5'),
(396, '3', '30-01-2019 09:00:00', 'DBMS', 2, '5'),
(397, '3', '31-01-2019 09:00:00', 'DBMS', 2, '5'),
(398, '3', '01-01-2019 10:00:00', 'MPMC', 2, '1'),
(399, '3', '02-01-2019 10:00:00', 'MPMC', 2, '1'),
(400, '3', '03-01-2019 10:00:00', 'MPMC', 2, '1'),
(401, '3', '04-01-2019 10:00:00', 'MPMC', 2, '1'),
(402, '3', '07-01-2019 10:00:00', 'MPMC', 2, '2'),
(403, '3', '08-01-2019 10:00:00', 'MPMC', 2, '2'),
(404, '3', '09-01-2019 10:00:00', 'MPMC', 2, '2'),
(405, '3', '10-01-2019 10:00:00', 'MPMC', 2, '2'),
(406, '3', '11-01-2019 10:00:00', 'MPMC', 2, '2'),
(407, '3', '14-01-2019 10:00:00', 'MPMC', 2, '3'),
(408, '3', '15-01-2019 10:00:00', 'MPMC', 2, '3'),
(409, '3', '16-01-2019 10:00:00', 'MPMC', 2, '3'),
(410, '3', '17-01-2019 10:00:00', 'MPMC', 2, '3'),
(411, '3', '18-01-2019 10:00:00', 'MPMC', 2, '3'),
(412, '3', '21-01-2019 10:00:00', 'MPMC', 2, '4'),
(413, '3', '22-01-2019 10:00:00', 'MPMC', 2, '4'),
(414, '3', '23-01-2019 10:00:00', 'MPMC', 2, '4'),
(415, '3', '24-01-2019 10:00:00', 'MPMC', 2, '4'),
(416, '3', '25-01-2019 10:00:00', 'MPMC', 2, '4'),
(417, '3', '28-01-2019 10:00:00', 'MPMC', 2, '5'),
(418, '3', '29-01-2019 10:00:00', 'MPMC', 2, '5'),
(419, '3', '30-01-2019 10:00:00', 'MPMC', 2, '5'),
(420, '3', '31-01-2019 10:00:00', 'MPMC', 2, '5'),
(421, '3', '01-01-2019 11:00:00', 'IT', 2, '1'),
(422, '3', '02-01-2019 11:00:00', 'IT', 2, '1'),
(423, '3', '03-01-2019 11:00:00', 'IT', 2, '1'),
(424, '3', '04-01-2019 11:00:00', 'IT', 2, '1'),
(425, '3', '07-01-2019 11:00:00', 'IT', 2, '2'),
(426, '3', '08-01-2019 11:00:00', 'IT', 2, '2'),
(427, '3', '09-01-2019 11:00:00', 'IT', 2, '2'),
(428, '3', '10-01-2019 11:00:00', 'IT', 2, '2'),
(429, '3', '11-01-2019 11:00:00', 'IT', 2, '2'),
(430, '3', '14-01-2019 11:00:00', 'IT', 2, '3'),
(431, '3', '15-01-2019 11:00:00', 'IT', 2, '3'),
(432, '3', '16-01-2019 11:00:00', 'IT', 2, '3'),
(433, '3', '17-01-2019 11:00:00', 'IT', 2, '3'),
(434, '3', '18-01-2019 11:00:00', 'IT', 2, '3'),
(435, '3', '21-01-2019 11:00:00', 'IT', 2, '4'),
(436, '3', '22-01-2019 11:00:00', 'IT', 2, '4'),
(437, '3', '23-01-2019 11:00:00', 'IT', 2, '4'),
(438, '3', '24-01-2019 11:00:00', 'IT', 2, '4'),
(439, '3', '25-01-2019 11:00:00', 'IT', 2, '4'),
(440, '3', '28-01-2019 11:00:00', 'IT', 2, '5'),
(441, '3', '29-01-2019 11:00:00', 'IT', 2, '5'),
(442, '3', '30-01-2019 11:00:00', 'IT', 2, '5'),
(443, '3', '31-01-2019 11:00:00', 'IT', 2, '5'),
(444, '3', '01-01-2019 12:00:00', 'GIS', 2, '1'),
(445, '3', '02-01-2019 12:00:00', 'GIS', 2, '1'),
(446, '3', '03-01-2019 12:00:00', 'GIS', 2, '1'),
(447, '3', '04-01-2019 12:00:00', 'GIS', 2, '1'),
(448, '3', '07-01-2019 12:00:00', 'GIS', 2, '2'),
(449, '3', '08-01-2019 12:00:00', 'GIS', 2, '2'),
(450, '3', '09-01-2019 12:00:00', 'GIS', 2, '2'),
(451, '3', '10-01-2019 12:00:00', 'GIS', 2, '2'),
(452, '3', '11-01-2019 12:00:00', 'GIS', 2, '2'),
(453, '3', '14-01-2019 12:00:00', 'GIS', 2, '3'),
(454, '3', '15-01-2019 12:00:00', 'GIS', 2, '3'),
(455, '3', '16-01-2019 12:00:00', 'GIS', 2, '3'),
(456, '3', '17-01-2019 12:00:00', 'GIS', 2, '3'),
(457, '3', '18-01-2019 12:00:00', 'GIS', 2, '3'),
(458, '3', '21-01-2019 12:00:00', 'GIS', 2, '4'),
(459, '3', '22-01-2019 12:00:00', 'GIS', 2, '4'),
(460, '3', '23-01-2019 12:00:00', 'GIS', 2, '4'),
(461, '3', '24-01-2019 12:00:00', 'GIS', 2, '4'),
(462, '3', '25-01-2019 12:00:00', 'GIS', 2, '4'),
(463, '3', '28-01-2019 12:00:00', 'GIS', 2, '5'),
(464, '3', '29-01-2019 12:00:00', 'GIS', 2, '5'),
(465, '3', '30-01-2019 12:00:00', 'GIS', 2, '5'),
(466, '3', '31-01-2019 12:00:00', 'GIS', 2, '5'),
(467, '3', '01-01-2019 14:00:00', 'MPMC', 2, '1'),
(468, '3', '02-01-2019 14:00:00', 'MPMC', 2, '1'),
(469, '3', '03-01-2019 14:00:00', 'MPMC', 2, '1'),
(470, '3', '04-01-2019 14:00:00', 'MPMC', 2, '1'),
(471, '3', '07-01-2019 14:00:00', 'MPMC', 2, '2'),
(472, '3', '08-01-2019 14:00:00', 'MPMC', 2, '2'),
(473, '3', '09-01-2019 14:00:00', 'MPMC', 2, '2'),
(474, '3', '10-01-2019 14:00:00', 'MPMC', 2, '2'),
(475, '3', '11-01-2019 14:00:00', 'MPMC', 2, '2'),
(476, '3', '14-01-2019 14:00:00', 'MPMC', 2, '3'),
(477, '3', '15-01-2019 14:00:00', 'MPMC', 2, '3'),
(478, '3', '16-01-2019 14:00:00', 'MPMC', 2, '3'),
(479, '3', '17-01-2019 14:00:00', 'MPMC', 2, '3'),
(480, '3', '18-01-2019 14:00:00', 'MPMC', 2, '3'),
(481, '3', '21-01-2019 14:00:00', 'MPMC', 2, '4'),
(482, '3', '22-01-2019 14:00:00', 'MPMC', 2, '4'),
(483, '3', '23-01-2019 14:00:00', 'MPMC', 2, '4'),
(484, '3', '24-01-2019 14:00:00', 'MPMC', 2, '4'),
(485, '3', '25-01-2019 14:00:00', 'MPMC', 2, '4'),
(486, '3', '28-01-2019 14:00:00', 'MPMC', 2, '5'),
(487, '3', '29-01-2019 14:00:00', 'MPMC', 2, '5'),
(488, '3', '30-01-2019 14:00:00', 'MPMC', 2, '5'),
(489, '3', '31-01-2019 14:00:00', 'MPMC', 2, '5'),
(490, '3', '01-02-2019 14:00:00', 'MPMC', 2, '5'),
(491, '3', '04-02-2019 14:00:00', 'MPMC', 2, '6'),
(492, '3', '05-02-2019 14:00:00', 'MPMC', 2, '6'),
(493, '3', '06-02-2019 14:00:00', 'MPMC', 2, '6'),
(494, '3', '07-02-2019 14:00:00', 'MPMC', 2, '6'),
(495, '3', '08-02-2019 14:00:00', 'MPMC', 2, '6'),
(496, '3', '11-02-2019 14:00:00', 'MPMC', 2, '7'),
(497, '3', '12-02-2019 14:00:00', 'MPMC', 2, '7'),
(498, '3', '13-02-2019 14:00:00', 'MPMC', 2, '7'),
(499, '3', '14-02-2019 14:00:00', 'MPMC', 2, '7'),
(500, '3', '15-02-2019 14:00:00', 'MPMC', 2, '7'),
(501, '3', '18-02-2019 14:00:00', 'MPMC', 2, '8'),
(502, '3', '19-02-2019 14:00:00', 'MPMC', 2, '8'),
(503, '3', '20-02-2019 14:00:00', 'MPMC', 2, '8'),
(504, '3', '21-02-2019 14:00:00', 'MPMC', 2, '8'),
(505, '3', '22-02-2019 14:00:00', 'MPMC', 2, '8'),
(506, '3', '25-02-2019 14:00:00', 'MPMC', 2, '9'),
(507, '3', '26-02-2019 14:00:00', 'MPMC', 2, '9'),
(508, '3', '27-02-2019 14:00:00', 'MPMC', 2, '9'),
(509, '3', '28-02-2019 14:00:00', 'MPMC', 2, '9'),
(510, '3', '29-02-2019 14:00:00', 'MPMC', 2, '9'),
(511, '3', '01-02-2019 11:00:00', 'IT', 2, '5'),
(512, '3', '04-02-2019 11:00:00', 'IT', 2, '6'),
(513, '3', '05-02-2019 11:00:00', 'IT', 2, '6'),
(514, '3', '06-02-2019 11:00:00', 'IT', 2, '6'),
(515, '3', '07-02-2019 11:00:00', 'IT', 2, '6'),
(516, '3', '08-02-2019 11:00:00', 'IT', 2, '6'),
(517, '3', '11-02-2019 11:00:00', 'IT', 2, '7'),
(518, '3', '12-02-2019 11:00:00', 'IT', 2, '7'),
(519, '3', '13-02-2019 11:00:00', 'IT', 2, '7'),
(520, '3', '14-02-2019 11:00:00', 'IT', 2, '7'),
(521, '3', '15-02-2019 11:00:00', 'IT', 2, '7'),
(522, '3', '18-02-2019 11:00:00', 'IT', 2, '8'),
(523, '3', '19-02-2019 11:00:00', 'IT', 2, '8'),
(524, '3', '20-02-2019 11:00:00', 'IT', 2, '8'),
(525, '3', '21-02-2019 11:00:00', 'IT', 2, '8'),
(526, '3', '22-02-2019 11:00:00', 'IT', 2, '8'),
(527, '3', '25-02-2019 11:00:00', 'IT', 2, '9'),
(528, '3', '26-02-2019 11:00:00', 'IT', 2, '9'),
(529, '3', '27-02-2019 11:00:00', 'IT', 2, '9'),
(530, '3', '28-02-2019 11:00:00', 'IT', 2, '9'),
(531, '3', '29-02-2019 11:00:00', 'IT', 2, '9'),
(532, '4', '01-01-2019 11:00:00', 'IT', 2, '1'),
(533, '4', '02-01-2019 11:00:00', 'IT', 2, '1'),
(534, '4', '03-01-2019 11:00:00', 'IT', 2, '1'),
(535, '4', '04-01-2019 11:00:00', 'IT', 2, '1'),
(536, '4', '07-01-2019 11:00:00', 'IT', 2, '2'),
(537, '4', '08-01-2019 11:00:00', 'IT', 2, '2'),
(538, '4', '09-01-2019 11:00:00', 'IT', 2, '2'),
(539, '4', '10-01-2019 11:00:00', 'IT', 2, '2'),
(540, '4', '11-01-2019 11:00:00', 'IT', 2, '2'),
(541, '4', '14-01-2019 11:00:00', 'IT', 2, '3'),
(542, '4', '15-01-2019 11:00:00', 'IT', 2, '3'),
(543, '4', '16-01-2019 11:00:00', 'IT', 2, '3'),
(544, '4', '17-01-2019 11:00:00', 'IT', 2, '3'),
(545, '4', '18-01-2019 11:00:00', 'IT', 2, '3'),
(546, '4', '21-01-2019 11:00:00', 'IT', 2, '4'),
(547, '4', '22-01-2019 11:00:00', 'IT', 2, '4'),
(548, '4', '23-01-2019 11:00:00', 'IT', 2, '4'),
(549, '4', '24-01-2019 11:00:00', 'IT', 2, '4'),
(550, '4', '25-01-2019 11:00:00', 'IT', 2, '4'),
(551, '4', '28-01-2019 11:00:00', 'IT', 2, '5'),
(552, '4', '29-01-2019 11:00:00', 'IT', 2, '5'),
(553, '4', '30-01-2019 11:00:00', 'IT', 2, '5'),
(554, '4', '31-01-2019 11:00:00', 'IT', 2, '5'),
(555, '4', '01-02-2019 16:00:00', 'DS', 2, '5'),
(556, '4', '04-02-2019 16:00:00', 'DS', 2, '6'),
(557, '4', '05-02-2019 16:00:00', 'DS', 2, '6'),
(558, '4', '06-02-2019 16:00:00', 'DS', 2, '6'),
(559, '4', '07-02-2019 16:00:00', 'DS', 2, '6'),
(560, '4', '08-02-2019 16:00:00', 'DS', 2, '6'),
(561, '4', '11-02-2019 16:00:00', 'DS', 2, '7'),
(562, '4', '12-02-2019 16:00:00', 'DS', 2, '7'),
(563, '4', '13-02-2019 16:00:00', 'DS', 2, '7'),
(564, '4', '14-02-2019 16:00:00', 'DS', 2, '7'),
(565, '4', '15-02-2019 16:00:00', 'DS', 2, '7'),
(566, '4', '18-02-2019 16:00:00', 'DS', 2, '8'),
(567, '4', '19-02-2019 16:00:00', 'DS', 2, '8'),
(568, '4', '20-02-2019 16:00:00', 'DS', 2, '8'),
(569, '4', '21-02-2019 16:00:00', 'DS', 2, '8'),
(570, '4', '22-02-2019 16:00:00', 'DS', 2, '8'),
(571, '4', '25-02-2019 16:00:00', 'DS', 2, '9'),
(572, '4', '26-02-2019 16:00:00', 'DS', 2, '9'),
(573, '4', '27-02-2019 16:00:00', 'DS', 2, '9'),
(574, '4', '28-02-2019 16:00:00', 'DS', 2, '9'),
(575, '4', '29-02-2019 16:00:00', 'DS', 2, '9'),
(576, '4', '01-03-2019 16:00:00', 'DS', 2, '9'),
(577, '4', '04-03-2019 16:00:00', 'DS', 2, '10'),
(578, '4', '05-03-2019 16:00:00', 'DS', 2, '10'),
(579, '4', '06-03-2019 16:00:00', 'DS', 2, '10'),
(580, '4', '07-03-2019 16:00:00', 'DS', 2, '10'),
(581, '4', '08-03-2019 16:00:00', 'DS', 2, '10'),
(582, '4', '11-03-2019 16:00:00', 'DS', 2, '11'),
(583, '4', '12-03-2019 16:00:00', 'DS', 2, '11'),
(584, '4', '13-03-2019 16:00:00', 'DS', 2, '11'),
(585, '4', '14-03-2019 16:00:00', 'DS', 2, '11'),
(586, '4', '15-03-2019 16:00:00', 'DS', 2, '11'),
(587, '4', '18-03-2019 16:00:00', 'DS', 2, '12'),
(588, '4', '19-03-2019 16:00:00', 'DS', 2, '12'),
(589, '4', '20-03-2019 16:00:00', 'DS', 2, '12'),
(590, '4', '21-03-2019 16:00:00', 'DS', 2, '12'),
(591, '4', '22-03-2019 16:00:00', 'DS', 2, '12'),
(592, '4', '25-03-2019 16:00:00', 'DS', 2, '13'),
(593, '4', '26-03-2019 16:00:00', 'DS', 2, '13'),
(594, '4', '27-03-2019 16:00:00', 'DS', 2, '13'),
(595, '4', '28-03-2019 16:00:00', 'DS', 2, '13'),
(596, '4', '29-03-2019 16:00:00', 'DS', 2, '13'),
(597, '4', '01-03-2019 09:00:00', 'GIS', 2, '9'),
(598, '4', '04-03-2019 09:00:00', 'GIS', 2, '10'),
(599, '4', '05-03-2019 09:00:00', 'GIS', 2, '10'),
(600, '4', '06-03-2019 09:00:00', 'GIS', 2, '10'),
(601, '4', '07-03-2019 09:00:00', 'GIS', 2, '10'),
(602, '4', '08-03-2019 09:00:00', 'GIS', 2, '10'),
(603, '4', '11-03-2019 09:00:00', 'GIS', 2, '11'),
(604, '4', '12-03-2019 09:00:00', 'GIS', 2, '11'),
(605, '4', '13-03-2019 09:00:00', 'GIS', 2, '11'),
(606, '4', '14-03-2019 09:00:00', 'GIS', 2, '11'),
(607, '4', '15-03-2019 09:00:00', 'GIS', 2, '11'),
(608, '4', '18-03-2019 09:00:00', 'GIS', 2, '12'),
(609, '4', '19-03-2019 09:00:00', 'GIS', 2, '12'),
(610, '4', '20-03-2019 09:00:00', 'GIS', 2, '12'),
(611, '4', '21-03-2019 09:00:00', 'GIS', 2, '12'),
(612, '4', '22-03-2019 09:00:00', 'GIS', 2, '12'),
(613, '4', '25-03-2019 09:00:00', 'GIS', 2, '13'),
(614, '4', '26-03-2019 09:00:00', 'GIS', 2, '13'),
(615, '4', '27-03-2019 09:00:00', 'GIS', 2, '13'),
(616, '4', '28-03-2019 09:00:00', 'GIS', 2, '13'),
(617, '4', '29-03-2019 09:00:00', 'GIS', 2, '13'),
(618, '4', '01-03-2019 10:00:00', 'GIS', 2, '9'),
(619, '4', '04-03-2019 10:00:00', 'GIS', 2, '10'),
(620, '4', '05-03-2019 10:00:00', 'GIS', 2, '10'),
(621, '4', '06-03-2019 10:00:00', 'GIS', 2, '10'),
(622, '4', '07-03-2019 10:00:00', 'GIS', 2, '10'),
(623, '4', '08-03-2019 10:00:00', 'GIS', 2, '10'),
(624, '4', '11-03-2019 10:00:00', 'GIS', 2, '11'),
(625, '4', '12-03-2019 10:00:00', 'GIS', 2, '11'),
(626, '4', '13-03-2019 10:00:00', 'GIS', 2, '11'),
(627, '4', '14-03-2019 10:00:00', 'GIS', 2, '11'),
(628, '4', '15-03-2019 10:00:00', 'GIS', 2, '11'),
(629, '4', '18-03-2019 10:00:00', 'GIS', 2, '12'),
(630, '4', '19-03-2019 10:00:00', 'GIS', 2, '12'),
(631, '4', '20-03-2019 10:00:00', 'GIS', 2, '12'),
(632, '4', '21-03-2019 10:00:00', 'GIS', 2, '12'),
(633, '4', '22-03-2019 10:00:00', 'GIS', 2, '12'),
(634, '4', '25-03-2019 10:00:00', 'GIS', 2, '13'),
(635, '4', '26-03-2019 10:00:00', 'GIS', 2, '13'),
(636, '4', '27-03-2019 10:00:00', 'GIS', 2, '13'),
(637, '4', '28-03-2019 10:00:00', 'GIS', 2, '13'),
(638, '4', '29-03-2019 10:00:00', 'GIS', 2, '13'),
(639, '4', '01-03-2019 11:00:00', 'MPMC', 2, '9'),
(640, '4', '04-03-2019 11:00:00', 'MPMC', 2, '10'),
(641, '4', '05-03-2019 11:00:00', 'MPMC', 2, '10'),
(642, '4', '06-03-2019 11:00:00', 'MPMC', 2, '10'),
(643, '4', '07-03-2019 11:00:00', 'MPMC', 2, '10'),
(644, '4', '08-03-2019 11:00:00', 'MPMC', 2, '10'),
(645, '4', '11-03-2019 11:00:00', 'MPMC', 2, '11'),
(646, '4', '12-03-2019 11:00:00', 'MPMC', 2, '11'),
(647, '4', '13-03-2019 11:00:00', 'MPMC', 2, '11'),
(648, '4', '14-03-2019 11:00:00', 'MPMC', 2, '11'),
(649, '4', '15-03-2019 11:00:00', 'MPMC', 2, '11'),
(650, '4', '18-03-2019 11:00:00', 'MPMC', 2, '12'),
(651, '4', '19-03-2019 11:00:00', 'MPMC', 2, '12'),
(652, '4', '20-03-2019 11:00:00', 'MPMC', 2, '12'),
(653, '4', '21-03-2019 11:00:00', 'MPMC', 2, '12'),
(654, '4', '22-03-2019 11:00:00', 'MPMC', 2, '12'),
(655, '4', '25-03-2019 11:00:00', 'MPMC', 2, '13'),
(656, '4', '26-03-2019 11:00:00', 'MPMC', 2, '13'),
(657, '4', '27-03-2019 11:00:00', 'MPMC', 2, '13'),
(658, '4', '28-03-2019 11:00:00', 'MPMC', 2, '13'),
(659, '4', '29-03-2019 11:00:00', 'MPMC', 2, '13'),
(660, '4', '01-03-2019 12:00:00', 'DS', 2, '9'),
(661, '4', '04-03-2019 12:00:00', 'DS', 2, '10'),
(662, '4', '05-03-2019 12:00:00', 'DS', 2, '10'),
(663, '4', '06-03-2019 12:00:00', 'DS', 2, '10'),
(664, '4', '07-03-2019 12:00:00', 'DS', 2, '10'),
(665, '4', '08-03-2019 12:00:00', 'DS', 2, '10'),
(666, '4', '11-03-2019 12:00:00', 'DS', 2, '11'),
(667, '4', '12-03-2019 12:00:00', 'DS', 2, '11'),
(668, '4', '13-03-2019 12:00:00', 'DS', 2, '11'),
(669, '4', '14-03-2019 12:00:00', 'DS', 2, '11'),
(670, '4', '15-03-2019 12:00:00', 'DS', 2, '11'),
(671, '4', '18-03-2019 12:00:00', 'DS', 2, '12'),
(672, '4', '19-03-2019 12:00:00', 'DS', 2, '12'),
(673, '4', '20-03-2019 12:00:00', 'DS', 2, '12'),
(674, '4', '21-03-2019 12:00:00', 'DS', 2, '12'),
(675, '4', '22-03-2019 12:00:00', 'DS', 2, '12'),
(676, '4', '25-03-2019 12:00:00', 'DS', 2, '13'),
(677, '4', '26-03-2019 12:00:00', 'DS', 2, '13'),
(678, '4', '27-03-2019 12:00:00', 'DS', 2, '13'),
(679, '4', '28-03-2019 12:00:00', 'DS', 2, '13'),
(680, '4', '29-03-2019 12:00:00', 'DS', 2, '13'),
(681, '4', '01-03-2019 14:00:00', 'AI', 2, '9'),
(682, '4', '04-03-2019 14:00:00', 'AI', 2, '10'),
(683, '4', '05-03-2019 14:00:00', 'AI', 2, '10'),
(684, '4', '06-03-2019 14:00:00', 'AI', 2, '10'),
(685, '4', '07-03-2019 14:00:00', 'AI', 2, '10'),
(686, '4', '08-03-2019 14:00:00', 'AI', 2, '10'),
(687, '4', '11-03-2019 14:00:00', 'AI', 2, '11'),
(688, '4', '12-03-2019 14:00:00', 'AI', 2, '11'),
(689, '4', '13-03-2019 14:00:00', 'AI', 2, '11'),
(690, '4', '14-03-2019 14:00:00', 'AI', 2, '11'),
(691, '4', '15-03-2019 14:00:00', 'AI', 2, '11'),
(692, '4', '18-03-2019 14:00:00', 'AI', 2, '12'),
(693, '4', '19-03-2019 14:00:00', 'AI', 2, '12'),
(694, '4', '20-03-2019 14:00:00', 'AI', 2, '12'),
(695, '4', '21-03-2019 14:00:00', 'AI', 2, '12'),
(696, '4', '22-03-2019 14:00:00', 'AI', 2, '12'),
(697, '4', '25-03-2019 14:00:00', 'AI', 2, '13'),
(698, '4', '26-03-2019 14:00:00', 'AI', 2, '13'),
(699, '4', '27-03-2019 14:00:00', 'AI', 2, '13'),
(700, '4', '28-03-2019 14:00:00', 'AI', 2, '13'),
(701, '4', '29-03-2019 14:00:00', 'AI', 2, '13'),
(702, '2', '01-03-2019 15:00:00', 'GIS', 2, '9'),
(703, '2', '04-03-2019 15:00:00', 'GIS', 2, '10'),
(704, '2', '05-03-2019 15:00:00', 'GIS', 2, '10'),
(705, '2', '06-03-2019 15:00:00', 'GIS', 2, '10'),
(706, '2', '07-03-2019 15:00:00', 'GIS', 2, '10'),
(707, '2', '08-03-2019 15:00:00', 'GIS', 2, '10'),
(708, '2', '11-03-2019 15:00:00', 'GIS', 2, '11'),
(709, '2', '12-03-2019 15:00:00', 'GIS', 2, '11'),
(710, '2', '13-03-2019 15:00:00', 'GIS', 2, '11'),
(711, '2', '14-03-2019 15:00:00', 'GIS', 2, '11'),
(712, '2', '15-03-2019 15:00:00', 'GIS', 2, '11'),
(713, '2', '18-03-2019 15:00:00', 'GIS', 2, '12'),
(714, '2', '19-03-2019 15:00:00', 'GIS', 2, '12'),
(715, '2', '20-03-2019 15:00:00', 'GIS', 2, '12'),
(716, '2', '21-03-2019 15:00:00', 'GIS', 2, '12'),
(717, '2', '22-03-2019 15:00:00', 'GIS', 2, '12'),
(718, '2', '25-03-2019 15:00:00', 'GIS', 2, '13'),
(719, '2', '26-03-2019 15:00:00', 'GIS', 2, '13'),
(720, '2', '27-03-2019 15:00:00', 'GIS', 2, '13'),
(721, '2', '28-03-2019 15:00:00', 'GIS', 2, '13'),
(722, '2', '29-03-2019 15:00:00', 'GIS', 2, '13'),
(723, '2', '01-03-2019 16:00:00', 'GIS', 2, '9'),
(724, '2', '04-03-2019 16:00:00', 'GIS', 2, '10'),
(725, '2', '05-03-2019 16:00:00', 'GIS', 2, '10'),
(726, '2', '06-03-2019 16:00:00', 'GIS', 2, '10'),
(727, '2', '07-03-2019 16:00:00', 'GIS', 2, '10'),
(728, '2', '08-03-2019 16:00:00', 'GIS', 2, '10'),
(729, '2', '11-03-2019 16:00:00', 'GIS', 2, '11'),
(730, '2', '12-03-2019 16:00:00', 'GIS', 2, '11'),
(731, '2', '13-03-2019 16:00:00', 'GIS', 2, '11'),
(732, '2', '14-03-2019 16:00:00', 'GIS', 2, '11'),
(733, '2', '15-03-2019 16:00:00', 'GIS', 2, '11'),
(734, '2', '18-03-2019 16:00:00', 'GIS', 2, '12'),
(735, '2', '19-03-2019 16:00:00', 'GIS', 2, '12'),
(736, '2', '20-03-2019 16:00:00', 'GIS', 2, '12'),
(737, '2', '21-03-2019 16:00:00', 'GIS', 2, '12'),
(738, '2', '22-03-2019 16:00:00', 'GIS', 2, '12'),
(739, '2', '25-03-2019 16:00:00', 'GIS', 2, '13'),
(740, '2', '26-03-2019 16:00:00', 'GIS', 2, '13'),
(741, '2', '27-03-2019 16:00:00', 'GIS', 2, '13'),
(742, '2', '28-03-2019 16:00:00', 'GIS', 2, '13'),
(743, '2', '29-03-2019 16:00:00', 'GIS', 2, '13'),
(744, '2', '01-03-2019 17:00:00', 'GIS', 2, '9'),
(745, '2', '04-03-2019 17:00:00', 'GIS', 2, '10'),
(746, '2', '05-03-2019 17:00:00', 'GIS', 2, '10'),
(747, '2', '06-03-2019 17:00:00', 'GIS', 2, '10'),
(748, '2', '07-03-2019 17:00:00', 'GIS', 2, '10'),
(749, '2', '08-03-2019 17:00:00', 'GIS', 2, '10'),
(750, '2', '11-03-2019 17:00:00', 'GIS', 2, '11'),
(751, '2', '12-03-2019 17:00:00', 'GIS', 2, '11'),
(752, '2', '13-03-2019 17:00:00', 'GIS', 2, '11'),
(753, '2', '14-03-2019 17:00:00', 'GIS', 2, '11'),
(754, '2', '15-03-2019 17:00:00', 'GIS', 2, '11'),
(755, '2', '18-03-2019 17:00:00', 'GIS', 2, '12'),
(756, '2', '19-03-2019 17:00:00', 'GIS', 2, '12'),
(757, '2', '20-03-2019 17:00:00', 'GIS', 2, '12'),
(758, '2', '21-03-2019 17:00:00', 'GIS', 2, '12'),
(759, '2', '22-03-2019 17:00:00', 'GIS', 2, '12'),
(760, '2', '25-03-2019 17:00:00', 'GIS', 2, '13'),
(761, '2', '26-03-2019 17:00:00', 'GIS', 2, '13'),
(762, '2', '27-03-2019 17:00:00', 'GIS', 2, '13'),
(763, '2', '28-03-2019 17:00:00', 'GIS', 2, '13'),
(764, '2', '29-03-2019 17:00:00', 'GIS', 2, '13'),
(765, '3', '01-03-2019 15:00:00', 'DBMS', 2, '9'),
(766, '3', '04-03-2019 15:00:00', 'DBMS', 2, '10'),
(767, '3', '05-03-2019 15:00:00', 'DBMS', 2, '10'),
(768, '3', '06-03-2019 15:00:00', 'DBMS', 2, '10'),
(769, '3', '07-03-2019 15:00:00', 'DBMS', 2, '10'),
(770, '3', '08-03-2019 15:00:00', 'DBMS', 2, '10'),
(771, '3', '11-03-2019 15:00:00', 'DBMS', 2, '11'),
(772, '3', '12-03-2019 15:00:00', 'DBMS', 2, '11'),
(773, '3', '13-03-2019 15:00:00', 'DBMS', 2, '11'),
(774, '3', '14-03-2019 15:00:00', 'DBMS', 2, '11'),
(775, '3', '15-03-2019 15:00:00', 'DBMS', 2, '11'),
(776, '3', '18-03-2019 15:00:00', 'DBMS', 2, '12'),
(777, '3', '19-03-2019 15:00:00', 'DBMS', 2, '12'),
(778, '3', '20-03-2019 15:00:00', 'DBMS', 2, '12'),
(779, '3', '21-03-2019 15:00:00', 'DBMS', 2, '12'),
(780, '3', '22-03-2019 15:00:00', 'DBMS', 2, '12'),
(781, '3', '25-03-2019 15:00:00', 'DBMS', 2, '13'),
(782, '3', '26-03-2019 15:00:00', 'DBMS', 2, '13'),
(783, '3', '27-03-2019 15:00:00', 'DBMS', 2, '13'),
(784, '3', '28-03-2019 15:00:00', 'DBMS', 2, '13'),
(785, '3', '29-03-2019 15:00:00', 'DBMS', 2, '13'),
(786, '4', '01-03-2019 15:00:00', 'GIS', 2, '9'),
(787, '4', '04-03-2019 15:00:00', 'GIS', 2, '10'),
(788, '4', '05-03-2019 15:00:00', 'GIS', 2, '10'),
(789, '4', '06-03-2019 15:00:00', 'GIS', 2, '10'),
(790, '4', '07-03-2019 15:00:00', 'GIS', 2, '10'),
(791, '4', '08-03-2019 15:00:00', 'GIS', 2, '10'),
(792, '4', '11-03-2019 15:00:00', 'GIS', 2, '11'),
(793, '4', '12-03-2019 15:00:00', 'GIS', 2, '11'),
(794, '4', '13-03-2019 15:00:00', 'GIS', 2, '11'),
(795, '4', '14-03-2019 15:00:00', 'GIS', 2, '11'),
(796, '4', '15-03-2019 15:00:00', 'GIS', 2, '11'),
(797, '4', '18-03-2019 15:00:00', 'GIS', 2, '12'),
(798, '4', '19-03-2019 15:00:00', 'GIS', 2, '12'),
(799, '4', '20-03-2019 15:00:00', 'GIS', 2, '12'),
(800, '4', '21-03-2019 15:00:00', 'GIS', 2, '12'),
(801, '4', '22-03-2019 15:00:00', 'GIS', 2, '12'),
(802, '4', '25-03-2019 15:00:00', 'GIS', 2, '13'),
(803, '4', '26-03-2019 15:00:00', 'GIS', 2, '13'),
(804, '4', '27-03-2019 15:00:00', 'GIS', 2, '13'),
(805, '4', '28-03-2019 15:00:00', 'GIS', 2, '13'),
(806, '4', '29-03-2019 15:00:00', 'GIS', 2, '13'),
(807, '2', '01-03-2019 09:00:00', 'AI', 2, '9'),
(808, '2', '04-03-2019 09:00:00', 'AI', 2, '10'),
(809, '2', '05-03-2019 09:00:00', 'AI', 2, '10'),
(810, '2', '06-03-2019 09:00:00', 'AI', 2, '10'),
(811, '2', '07-03-2019 09:00:00', 'AI', 2, '10'),
(812, '2', '08-03-2019 09:00:00', 'AI', 2, '10'),
(813, '2', '11-03-2019 09:00:00', 'AI', 2, '11'),
(814, '2', '12-03-2019 09:00:00', 'AI', 2, '11'),
(815, '2', '13-03-2019 09:00:00', 'AI', 2, '11'),
(816, '2', '14-03-2019 09:00:00', 'AI', 2, '11'),
(817, '2', '15-03-2019 09:00:00', 'AI', 2, '11'),
(818, '2', '18-03-2019 09:00:00', 'AI', 2, '12'),
(819, '2', '19-03-2019 09:00:00', 'AI', 2, '12'),
(820, '2', '20-03-2019 09:00:00', 'AI', 2, '12'),
(821, '2', '21-03-2019 09:00:00', 'AI', 2, '12'),
(822, '2', '22-03-2019 09:00:00', 'AI', 2, '12'),
(823, '2', '25-03-2019 09:00:00', 'AI', 2, '13'),
(824, '2', '26-03-2019 09:00:00', 'AI', 2, '13'),
(825, '2', '27-03-2019 09:00:00', 'AI', 2, '13'),
(826, '2', '28-03-2019 09:00:00', 'AI', 2, '13'),
(827, '2', '29-03-2019 09:00:00', 'AI', 2, '13'),
(828, '2', '01-03-2019 10:00:00', 'AI', 2, '9'),
(829, '2', '04-03-2019 10:00:00', 'AI', 2, '10'),
(830, '2', '05-03-2019 10:00:00', 'AI', 2, '10'),
(831, '2', '06-03-2019 10:00:00', 'AI', 2, '10'),
(832, '2', '07-03-2019 10:00:00', 'AI', 2, '10'),
(833, '2', '08-03-2019 10:00:00', 'AI', 2, '10'),
(834, '2', '11-03-2019 10:00:00', 'AI', 2, '11'),
(835, '2', '12-03-2019 10:00:00', 'AI', 2, '11'),
(836, '2', '13-03-2019 10:00:00', 'AI', 2, '11'),
(837, '2', '14-03-2019 10:00:00', 'AI', 2, '11'),
(838, '2', '15-03-2019 10:00:00', 'AI', 2, '11'),
(839, '2', '18-03-2019 10:00:00', 'AI', 2, '12'),
(840, '2', '19-03-2019 10:00:00', 'AI', 2, '12'),
(841, '2', '20-03-2019 10:00:00', 'AI', 2, '12'),
(842, '2', '21-03-2019 10:00:00', 'AI', 2, '12'),
(843, '2', '22-03-2019 10:00:00', 'AI', 2, '12'),
(844, '2', '25-03-2019 10:00:00', 'AI', 2, '13'),
(845, '2', '26-03-2019 10:00:00', 'AI', 2, '13'),
(846, '2', '27-03-2019 10:00:00', 'AI', 2, '13'),
(847, '2', '28-03-2019 10:00:00', 'AI', 2, '13'),
(848, '2', '29-03-2019 10:00:00', 'AI', 2, '13'),
(849, '1', '01-03-2019 11:00:00', 'IT', 2, '9'),
(850, '1', '04-03-2019 11:00:00', 'IT', 2, '10'),
(851, '1', '05-03-2019 11:00:00', 'IT', 2, '10'),
(852, '1', '06-03-2019 11:00:00', 'IT', 2, '10'),
(853, '1', '07-03-2019 11:00:00', 'IT', 2, '10'),
(854, '1', '08-03-2019 11:00:00', 'IT', 2, '10'),
(855, '1', '11-03-2019 11:00:00', 'IT', 2, '11'),
(856, '1', '12-03-2019 11:00:00', 'IT', 2, '11'),
(857, '1', '13-03-2019 11:00:00', 'IT', 2, '11'),
(858, '1', '14-03-2019 11:00:00', 'IT', 2, '11'),
(859, '1', '15-03-2019 11:00:00', 'IT', 2, '11'),
(860, '1', '18-03-2019 11:00:00', 'IT', 2, '12'),
(861, '1', '19-03-2019 11:00:00', 'IT', 2, '12'),
(862, '1', '20-03-2019 11:00:00', 'IT', 2, '12'),
(863, '1', '21-03-2019 11:00:00', 'IT', 2, '12'),
(864, '1', '22-03-2019 11:00:00', 'IT', 2, '12'),
(865, '1', '25-03-2019 11:00:00', 'IT', 2, '13'),
(866, '1', '26-03-2019 11:00:00', 'IT', 2, '13'),
(867, '1', '27-03-2019 11:00:00', 'IT', 2, '13'),
(868, '1', '28-03-2019 11:00:00', 'IT', 2, '13'),
(869, '1', '29-03-2019 11:00:00', 'IT', 2, '13'),
(870, '1', '01-03-2019 12:00:00', 'GIS', 2, '9'),
(871, '1', '04-03-2019 12:00:00', 'GIS', 2, '10'),
(872, '1', '05-03-2019 12:00:00', 'GIS', 2, '10'),
(873, '1', '06-03-2019 12:00:00', 'GIS', 2, '10'),
(874, '1', '07-03-2019 12:00:00', 'GIS', 2, '10'),
(875, '1', '08-03-2019 12:00:00', 'GIS', 2, '10'),
(876, '1', '11-03-2019 12:00:00', 'GIS', 2, '11'),
(877, '1', '12-03-2019 12:00:00', 'GIS', 2, '11'),
(878, '1', '13-03-2019 12:00:00', 'GIS', 2, '11'),
(879, '1', '14-03-2019 12:00:00', 'GIS', 2, '11'),
(880, '1', '15-03-2019 12:00:00', 'GIS', 2, '11'),
(881, '1', '18-03-2019 12:00:00', 'GIS', 2, '12'),
(882, '1', '19-03-2019 12:00:00', 'GIS', 2, '12'),
(883, '1', '20-03-2019 12:00:00', 'GIS', 2, '12'),
(884, '1', '21-03-2019 12:00:00', 'GIS', 2, '12'),
(885, '1', '22-03-2019 12:00:00', 'GIS', 2, '12'),
(886, '1', '25-03-2019 12:00:00', 'GIS', 2, '13'),
(887, '1', '26-03-2019 12:00:00', 'GIS', 2, '13'),
(888, '1', '27-03-2019 12:00:00', 'GIS', 2, '13'),
(889, '1', '28-03-2019 12:00:00', 'GIS', 2, '13'),
(890, '1', '29-03-2019 12:00:00', 'GIS', 2, '13'),
(891, '1', '01-04-2019 09:00:00', 'IT', 2, '14'),
(892, '1', '02-04-2019 09:00:00', 'IT', 2, '14'),
(893, '1', '03-04-2019 09:00:00', 'IT', 2, '14'),
(894, '1', '04-04-2019 09:00:00', 'IT', 2, '14'),
(895, '1', '05-04-2019 09:00:00', 'IT', 2, '14'),
(896, '1', '08-04-2019 09:00:00', 'IT', 2, '15'),
(897, '1', '09-04-2019 09:00:00', 'IT', 2, '15'),
(898, '1', '01-04-2019 10:00:00', 'IT', 2, '14'),
(899, '1', '02-04-2019 10:00:00', 'IT', 2, '14'),
(900, '1', '03-04-2019 10:00:00', 'IT', 2, '14'),
(901, '1', '04-04-2019 10:00:00', 'IT', 2, '14'),
(902, '1', '05-04-2019 10:00:00', 'IT', 2, '14'),
(903, '1', '08-04-2019 10:00:00', 'IT', 2, '15'),
(904, '1', '09-04-2019 10:00:00', 'IT', 2, '15'),
(905, '2', '01-04-2019 10:00:00', 'AI', 2, '14'),
(906, '2', '02-04-2019 10:00:00', 'AI', 2, '14'),
(907, '2', '03-04-2019 10:00:00', 'AI', 2, '14'),
(908, '2', '04-04-2019 10:00:00', 'AI', 2, '14'),
(909, '2', '05-04-2019 10:00:00', 'AI', 2, '14'),
(910, '2', '08-04-2019 10:00:00', 'AI', 2, '15'),
(911, '2', '09-04-2019 10:00:00', 'AI', 2, '15'),
(912, '2', '01-04-2019 10:00:00', 'AI', 2, '14'),
(913, '2', '02-04-2019 10:00:00', 'AI', 2, '14'),
(914, '2', '03-04-2019 10:00:00', 'AI', 2, '14'),
(915, '2', '04-04-2019 10:00:00', 'AI', 2, '14'),
(916, '2', '05-04-2019 10:00:00', 'AI', 2, '14'),
(917, '2', '08-04-2019 10:00:00', 'AI', 2, '15'),
(918, '2', '09-04-2019 10:00:00', 'AI', 2, '15'),
(919, '2', '01-04-2019 10:00:00', 'AI', 2, '14'),
(920, '2', '02-04-2019 10:00:00', 'AI', 2, '14'),
(921, '2', '03-04-2019 10:00:00', 'AI', 2, '14'),
(922, '2', '04-04-2019 10:00:00', 'AI', 2, '14'),
(923, '2', '05-04-2019 10:00:00', 'AI', 2, '14'),
(924, '2', '08-04-2019 10:00:00', 'AI', 2, '15'),
(925, '2', '09-04-2019 10:00:00', 'AI', 2, '15'),
(926, '2', '09-04-2019 14:01:38', 'DS', 2, '15');

-- --------------------------------------------------------

--
-- Table structure for table `data`
--

CREATE TABLE `data` (
  `id` int(10) NOT NULL,
  `user_id` varchar(100) NOT NULL,
  `r_id` varchar(100) NOT NULL
) ENGINE=InnoDB DEFAULT CHARSET=latin1;

--
-- Dumping data for table `data`
--

INSERT INTO `data` (`id`, `user_id`, `r_id`) VALUES
(1, '1', '0'),
(2, '1', '0'),
(3, '1', '0'),
(4, '1', '0'),
(5, '1', '0'),
(6, '1', '0'),
(7, '1', '0'),
(8, '1', '0'),
(9, '1', '0'),
(10, '6', ''),
(11, '1', '0'),
(12, '2', '0'),
(13, '0', '1'),
(14, '0', '1'),
(15, '0', '5'),
(16, '0', '1'),
(17, '0', '5');

-- --------------------------------------------------------

--
-- Table structure for table `holidays`
--

CREATE TABLE `holidays` (
  `id` int(1) NOT NULL,
  `h_time` date NOT NULL,
  `h_name` varchar(100) NOT NULL
) ENGINE=InnoDB DEFAULT CHARSET=latin1;

--
-- Dumping data for table `holidays`
--

INSERT INTO `holidays` (`id`, `h_time`, `h_name`) VALUES
(1, '2018-10-31', 'holi');

-- --------------------------------------------------------

--
-- Table structure for table `registration_status`
--

CREATE TABLE `registration_status` (
  `id` int(10) NOT NULL,
  `r_id` varchar(100) NOT NULL,
  `r_flag` varchar(100) NOT NULL
) ENGINE=InnoDB DEFAULT CHARSET=latin1;

--
-- Dumping data for table `registration_status`
--

INSERT INTO `registration_status` (`id`, `r_id`, `r_flag`) VALUES
(1, '1', '0'),
(2, '1', '0'),
(3, '5', '0'),
(4, '1', '0'),
(5, '5', '0');

-- --------------------------------------------------------

--
-- Table structure for table `time_table`
--

CREATE TABLE `time_table` (
  `id` int(10) NOT NULL,
  `start_from` time NOT NULL,
  `to_end` time NOT NULL,
  `monday` varchar(100) NOT NULL,
  `tuesday` varchar(100) NOT NULL,
  `wednesday` varchar(100) NOT NULL,
  `thursday` varchar(100) NOT NULL,
  `friday` varchar(100) NOT NULL
) ENGINE=InnoDB DEFAULT CHARSET=latin1;

--
-- Dumping data for table `time_table`
--

INSERT INTO `time_table` (`id`, `start_from`, `to_end`, `monday`, `tuesday`, `wednesday`, `thursday`, `friday`) VALUES
(1, '09:00:00', '10:00:00', 'IT', 'AI', 'DBMS', 'DS', 'GIS'),
(2, '10:00:00', '11:00:00', 'IT', 'AI', 'MPMC', 'MPMC', 'GIS'),
(3, '11:00:00', '12:00:00', 'DBMS', 'IT', 'IT', 'MPMC', 'MPMC'),
(4, '12:00:00', '13:00:00', 'MPMC', 'GIS', 'GIS', 'DS', 'DS'),
(5, '13:00:00', '14:00:00', 'Recess', 'Recess', 'Recess', 'Recess', 'Recess'),
(6, '14:00:00', '15:00:00', 'GIS', 'DS', 'MPMC', 'AI', 'AI'),
(7, '15:00:00', '16:00:00', 'IT', 'MPMC', 'AI', 'DBMS', 'GIS'),
(8, '16:00:00', '17:00:00', 'IT', 'MPMC', 'AI', 'DBMS', 'GIS'),
(9, '17:00:00', '18:00:00', 'IT', 'MPMC', 'AI', 'DBMS', 'GIS');

-- --------------------------------------------------------

--
-- Table structure for table `users`
--

CREATE TABLE `users` (
  `user_id` int(10) NOT NULL,
  `user_name` varchar(100) NOT NULL,
  `department` varchar(100) NOT NULL,
  `behavior` varchar(100) NOT NULL,
  `email_id` varchar(200) NOT NULL,
  `mobile_no` varchar(100) NOT NULL,
  `address` text NOT NULL,
  `year` varchar(100) NOT NULL
) ENGINE=InnoDB DEFAULT CHARSET=latin1;

--
-- Dumping data for table `users`
--

INSERT INTO `users` (`user_id`, `user_name`, `department`, `behavior`, `email_id`, `mobile_no`, `address`, `year`) VALUES
(1, 'manish', 'Information technology', 'Very good', 'manish@gmail.com', '1234567894', 'bandra', '2018'),
(2, 'sachin', 'Computer Science', 'Very good', 'sachin@gmail.com', '7854561231', 'borivali', '2018'),
(3, 'Ganesh', 'Computer Science', 'Very good', 'ganesh@gmail.com', '7854561231', 'borivali', '2018'),
(4, 'Raj', 'Information technology', 'Very good', 'raj@gmail.com', '9856789563', 'Andheri', '2018'),
(5, 'nilket', 'Information technology', 'Very good', 'niket@gmail.com', '7896547895', 'kurla', '2019');

--
-- Indexes for dumped tables
--

--
-- Indexes for table `attendance_info`
--
ALTER TABLE `attendance_info`
  ADD PRIMARY KEY (`id`);

--
-- Indexes for table `data`
--
ALTER TABLE `data`
  ADD PRIMARY KEY (`id`);

--
-- Indexes for table `holidays`
--
ALTER TABLE `holidays`
  ADD PRIMARY KEY (`id`);

--
-- Indexes for table `registration_status`
--
ALTER TABLE `registration_status`
  ADD PRIMARY KEY (`id`);

--
-- Indexes for table `time_table`
--
ALTER TABLE `time_table`
  ADD PRIMARY KEY (`id`);

--
-- Indexes for table `users`
--
ALTER TABLE `users`
  ADD PRIMARY KEY (`user_id`);

--
-- AUTO_INCREMENT for dumped tables
--

--
-- AUTO_INCREMENT for table `attendance_info`
--
ALTER TABLE `attendance_info`
  MODIFY `id` int(10) NOT NULL AUTO_INCREMENT, AUTO_INCREMENT=927;

--
-- AUTO_INCREMENT for table `data`
--
ALTER TABLE `data`
  MODIFY `id` int(10) NOT NULL AUTO_INCREMENT, AUTO_INCREMENT=18;

--
-- AUTO_INCREMENT for table `holidays`
--
ALTER TABLE `holidays`
  MODIFY `id` int(1) NOT NULL AUTO_INCREMENT, AUTO_INCREMENT=2;

--
-- AUTO_INCREMENT for table `registration_status`
--
ALTER TABLE `registration_status`
  MODIFY `id` int(10) NOT NULL AUTO_INCREMENT, AUTO_INCREMENT=6;

--
-- AUTO_INCREMENT for table `time_table`
--
ALTER TABLE `time_table`
  MODIFY `id` int(10) NOT NULL AUTO_INCREMENT, AUTO_INCREMENT=10;
COMMIT;

/*!40101 SET CHARACTER_SET_CLIENT=@OLD_CHARACTER_SET_CLIENT */;
/*!40101 SET CHARACTER_SET_RESULTS=@OLD_CHARACTER_SET_RESULTS */;
/*!40101 SET COLLATION_CONNECTION=@OLD_COLLATION_CONNECTION */;
